,BERT,TF-IDF,Transformer
accuracy,0.5127913587265491,0.4860716316088687,0.6031836270608301
precision,0.5127913587265491,0.0,0.5791925465838509
recall,1.0,0.0,0.8270509977827051
f1,0.6779406238256295,0.0,0.6812785388127854
